{
  "pixel_points": [
    [
      462.0,
      202.0
    ],
    [
      316.0,
      176.0
    ],
    [
      367.0,
      328.0
    ],
    [
      493.0,
      332.0
    ]
  ],
  "world_points": [
    [
      -311.55836764726155,
      -415.57281623575903
    ],
    [
      -80.59623886138665,
      -468.22539869390283
    ],
    [
      -143.16863835116348,
      -217.92505892743398
    ],
    [
      -345.6400265838635,
      -196.94110815702848
    ]
  ],
  "H": [
    [
      -1.4666306844190402,
      0.10033581030978937,
      369.1368214725608
    ],
    [
      0.1475217338579728,
      1.516466528383983,
      -758.8690862046877
    ],
    [
      -0.00019108549231425275,
      6.554691097506716e-05,
      1.0
    ]
  ]
}